{"IC15/recog/word_acc": 0.84, "IC15/recog/word_acc_ignore_case": 0.84, "IC15/recog/word_acc_ignore_case_symbol": 0.9833, "IC15/recog/char_recall": 0.0, "IC15/recog/char_precision": 0.0, "data_time": 0.0018332052230834962, "time": 0.024804194768269856}